"","","Year","","","","","","","","",""
"Destination Country","Origin Country","2016","2017","2018","2019","2020","2021","2022","2023","2024","2025"
"Brunei Darussalam","Cambodia [KH]","318","356","420","463","29","1","23","322","499","577"
"","Indonesia [ID]","20 844","22 420","27 462","33 626","6 262","135","1 596","13 672","25 974","31 747"
"","Lao PDR [LA]","192","144","233","221","46","1","94","131","192","257"
"","Malaysia [MY]","54 374","60 030","59 528","82 876","16 869","568","12 175","34 534","73 653","71 412"
"","Myanmar [MM]","596","643","667","872","75","35","199","850","1 617","1 318"
"","Philippines [PH]","17 064","23 157","22 319","24 584","4 562","118","1 914","9 963","18 228","19 054"
"","Singapore [SG]","14 473","14 919","14 091","14 789","2 226","430","4 193","9 203","19 664","22 781"
"","Thailand [TH]","6 303","6 302","5 828","5 730","1 040","43","613","2 455","4 519","4 782"
"","Timor-Leste [TL]","","","","","","","","","114",""
"","Total Country (World)","4 257 189","4 315 984","4 521 336","4 449 028","1 070 614","110 391","664 259","2 267 960","678 037","741 050"
"","Total Intra-ASEAN","117 525","131 351","134 596","168 705","32 571","1 344","21 439","73 894","149 048","156 545"
"","Viet Nam [VN]","3 361","3 380","4 048","5 544","1 462","13","632","2 764","4 588","4 617"
"Cambodia","Brunei Darussalam [BN]","1 120","1 009","790","1 131","150","11","560","545","541","462"
"","Indonesia [ID]","48 771","49 878","55 753","66 804","14 564","8 410","75 653","127 178","166 795","149 840"
"","Lao PDR [LA]","369 335","502 219","426 180","363 951","34 352","282","92 609","372 285","334 448","131 472"
"","Malaysia [MY]","152 843","179 316","201 116","203 008","25 734","2 989","53 123","87 825","94 260","96 268"
"","Myanmar [MM]","12 819","18 981","22 518","24 414","3 100","493","6 802","14 390","36 976","36 836"
"","Philippines [PH]","108 032","98 499","92 451","105 017","14 760","1 462","28 929","62 268","69 142","68 864"
"","Singapore [SG]","70 556","81 063","86 251","88 564","10 731","960","27 750","43 879","45 895","44 189"
"","Thailand [TH]","398 081","394 934","382 317","466 493","210 876","81 844","853 376","1 820 460","2 146 674","1 022 743"
"","Timor-Leste [TL]","","","","","20","1","207","383","313","285"
"","Total Country (World)","5 011 712","5 602 157","6 201 077","6 610 592","1 306 143","196 495","2 276 626","5 453 231","6 700 125","5 569 752"
"","Total Intra-ASEAN","2 121 220","2 161 254","2 067 504","2 228 185","496 486","118 572","1 603 004","3 549 025","4 235 631","2 773 060"
"","Viet Nam [VN]","959 663","835 355","800 128","908 803","182 199","22 120","463 995","1 019 812","1 340 587","1 222 101"
"Indonesia","Brunei Darussalam [BN]","23 693","23 455","17 279","19 278","2 701","144","4 798","13 518","19 811","31 797"
"","Cambodia [KH]","","6 506","8 875","13 843","2 227","228","4 945","12 611","10 497","10 949"
"","Indonesia [ID]","","241 831","704 824","664 645","151 163","9 952","217 614","419 493","566 888","632 016"
"","Lao PDR [LA]","","4 036","3 809","4 142","753","7","1 102","3 396","2 951","3 401"
"","Malaysia [MY]","1 541 197","2 121 888","2 503 344","2 980 753","980 118","480 723","1 212 574","1 901 242","2 270 556","2 639 749"
"","Myanmar [MM]","44 721","48 133","28 612","46 381","12 669","3 093","22 637","40 920","49 218","57 147"
"","Philippines [PH]","298 910","308 977","217 874","260 980","50 413","9 375","78 436","209 458","238 410","246 728"
"","Singapore [SG]","1 515 699","1 554 119","1 768 744","1 934 445","280 492","18 704","736 797","1 414 447","1 405 298","1 526 438"
"","Thailand [TH]","124 569","138 235","124 153","136 699","21 303","3 992","61 128","111 786","118 193","112 137"
"","Timor-Leste [TL]","","960 026","1 762 442","1 178 381","994 590","819 488","703 780","728 586","786 146","1 009 181"
"","Total Country (World)","11 519 275","14 039 799","15 810 305","16 106 954","4 052 923","1 557 530","5 889 031","11 677 825","14 347 813","15 386 646"
"","Total Intra-ASEAN","3 817 500","4 524 646","7 215 772","7 335 571","2 516 037","1 347 714","3 111 878","4 977 336","5 572 869","6 356 941"
"","Viet Nam [VN]","60 984","77 466","75 816","96 024","19 608","2 008","68 067","121 879","104 901","87 398"
"Lao PDR","Brunei Darussalam [BN]","484","342","278","389","103","","172","325","569","363"
"","Cambodia [KH]","16 536","15 108","18 908","28 342","5 012","","11 543","18 961","23 400","32 432"
"","Indonesia [ID]","5 010","3 241","3 487","5 161","1 217","","2 134","3 546","8 134","7 261"
"","Malaysia [MY]","24 391","19 114","26 002","28 321","5 800","","6 382","16 761","21 900","21 106"
"","Myanmar [MM]","3 695","2 848","22 132","22 524","1 417","","2 348","7 068","19 879","19 076"
"","Philippines [PH]","16 750","10 168","10 826","17 187","3 679","","4 986","12 886","13 948","21 379"
"","Singapore [SG]","8 512","6 829","7 692","11 730","2 008","","5 012","7 709","8 613","9 236"
"","Thailand [TH]","2 009 605","1 797 803","1 929 934","2 160 300","350 103","","731 754","1 326 705","1 215 553","1 484 319"
"","Total Country (World)","4 239 047","3 868 838","4 186 432","4 791 065","886 447","","1 294 365","3 417 629","4 120 832","4 580 709"
"","Total Intra-ASEAN","3 083 383","2 747 096","2 886 844","3 198 829","555 519","","1 124 376","2 231 593","2 366 200","2 724 281"
"","Viet Nam [VN]","998 400","891 643","867 585","924 875","186 180","","360 045","837 632","1 054 204","1 129 109"
"Malaysia","Brunei Darussalam [BN]","1 391 016","1 660 506","1 382 031","1 216 123","136 020","773","301 757","811 833","1 732 119","1 588 615"
"","Cambodia [KH]","61 844","42 004","90 113","97 097","16 548","250","39 823","72 627","77 342","78 246"
"","Indonesia [ID]","3 049 964","2 796 570","3 277 689","3 623 277","711 723","11 025","1 481 739","3 108 165","4 145 127","4 266 358"
"","Lao PDR [LA]","31 061","39 460","23 782","26 955","5 424","425","7 010","16 781","26 085","31 759"
"","Myanmar [MM]","49 175","42 314","38 513","46 257","9 745","377","36 765","86 298","147 133","235 490"
"","Philippines [PH]","417 446","370 559","396 062","421 908","66 051","2 317","159 442","339 282","571 533","613 338"
"","Singapore [SG]","13 272 961","12 441 713","10 615 986","10 163 882","1 545 255","16 308","5 222 991","8 308 230","18 855 680","21 076 783"
"","Thailand [TH]","1 780 800","1 836 522","1 914 692","1 884 306","394 413","59 607","715 528","1 551 282","2 268 182","2 501 009"
"","Timor-Leste [TL]","","","","","","","","","3 567","331 074"
"","Total Country (World)","26 757 392","25 948 459","25 832 354","26 100 784","4 332 722","134 728","10 070 964","20 141 846","37 961 485","42 196 892"
"","Total Intra-ASEAN","20 271 144","19 478 575","18 114 446","17 880 151","2 949 363","91 665","8 138 818","14 638 859","28 193 293","30 728 331"
"","Viet Nam [VN]","216 877","248 927","375 578","400 346","64 184","583","173 763","344 361","366 525","5 659"
"Myanmar","Brunei Darussalam [BN]","","632","532","454","77","13","26","110","92","151"
"","Cambodia [KH]","","5 531","6 457","7 879","1 802","26","513","1 419","1 862","1 638"
"","Indonesia [ID]","","11 517","12 898","15 558","3 653","486","1 642","2 836","2 983","4 242"
"","Lao PDR [LA]","","2 308","2 665","2 783","505","6","162","679","728","3 929"
"","Malaysia [MY]","43 931","47 010","47 632","44 203","8 497","981","3 892","7 703","6 135","6 646"
"","Philippines [PH]","16 421","18 143","16 748","17 398","3 311","233","1 145","2 618","3 141","3 978"
"","Singapore [SG]","50 198","61 859","58 657","57 890","8 762","217","3 292","8 169","7 381","8 330"
"","Thailand [TH]","243 443","1 524 516","1 719 350","1 924 581","457 149","106 938","154 154","949 337","766 590","533 988"
"","Timor-Leste [TL]","","99","89","92","","","","","15","11 424"
"","Total Country (World)","2 907 207","3 443 133","3 549 428","4 364 101","903 343","130 947","233 487","1 284 731","1 063 072","973 263"
"","Total Intra-ASEAN","402 862","1 730 435","1 918 357","2 123 405","493 581","109 082","168 495","987 267","798 312","574 353"
"","Viet Nam [VN]","48 869","58 919","53 329","52 567","9 825","182","3 669","14 396","9 385","27"
"Philippines","Brunei Darussalam [BN]","8 211","8 679","9 533","8 126","1 037","37","1 884","6 639","6 578","5 853"
"","Cambodia [KH]","3 526","4 712","4 154","5 988","942","40","1 454","3 999","4 268","3 951"
"","Indonesia [ID]","44 348","62 923","76 651","70 819","13 734","1 888","24 596","53 707","57 864","48 964"
"","Lao PDR [LA]","1 173","1 580","1 183","1 454","203","15","484","988","1 171",""
"","Malaysia [MY]","139 133","143 566","145 242","139 882","23 359","1 620","46 805","97 639","99 881","100 603"
"","Myanmar [MM]","7 442","9 571","9 630","13 978","2 877","271","4 255","6 395","9 178","4 080"
"","Singapore [SG]","176 057","168 637","171 795","158 595","19 998","653","53 448","149 230","198 471","198 461"
"","Thailand [TH]","47 913","48 727","59 793","61 292","9 788","1 464","16 300","40 952","47 675","49 650"
"","Timor-Leste [TL]","","","","","","","374","479","702",""
"","Total Country (World)","5 967 005","6 620 908","7 127 678","8 260 913","1 482 535","163 879","2 653 858","5 450 557","5 949 350","6 484 060"
"","Total Intra-ASEAN","461 698","488 346","530 309","526 832","83 344","7 773","188 205","427 689","484 465","445 161"
"","Viet Nam [VN]","33 895","39 951","52 328","66 698","11 406","1 785","38 605","67 661","58 677","33 599"
"Singapore","Brunei Darussalam [BN]","69 891","68 419","74 960","72 603","8 153","1 248","31 640","61 687","58 020","56 125"
"","Cambodia [KH]","","77 619","98 097","","","","","","","83 908"
"","Indonesia [ID]","2 893 646","2 954 400","3 021 455","3 110 416","457 696","33 457","1 104 168","2 300 918","2 490 000","2 436 003"
"","Lao PDR [LA]","","11 377","11 417","","","","","","","12 883"
"","Malaysia [MY]","1 151 584","1 168 384","1 254 022","1 220 664","153 650","24 217","590 958","1 088 162","1 190 000","1 275 378"
"","Myanmar [MM]","113 616","145 721","145 610","155 985","26 112","10 201","85 285","125 487","149 280","169 642"
"","Philippines [PH]","691 643","736 500","778 141","829 304","97 881","11 494","381 988","692 707","778 820","726 065"
"","Thailand [TH]","546 555","531 335","545 650","528 486","63 622","4 379","283 431","450 029","395 500","386 488"
"","Timor-Leste [TL]","","","","","","710","","","","3 828"
"","Total Country (World)","16 403 595","17 424 611","18 508 302","19 113 842","2 742 443","330 059","6 305 744","13 610 404","16 529 942","16 910 000"
"","Total Intra-ASEAN","5 936 364","6 225 114","6 520 966","6 623 930","896 779","89 150","2 848 921","5 276 613","5 454 850","5 494 606"
"","Viet Nam [VN]","469 429","531 359","591 614","591 928","74 424","3 444","312 714","458 585","393 230","344 286"
"Thailand","Brunei Darussalam [BN]","17 994","14 268","14 260","15 608","1 576","26","5 856","14 134","16 188","15 116"
"","Cambodia [KH]","684 836","840 871","948 824","910 685","165 718","4 914","379 665","583 708","553 060","253 557"
"","Indonesia [ID]","558 499","576 110","644 709","709 578","99 033","2 577","235 632","762 118","876 610","787 524"
"","Lao PDR [LA]","1 414 916","1 682 087","1 664 630","1 854 719","380 917","733","502 124","919 401","1 124 202","868 368"
"","Malaysia [MY]","3 506 199","3 494 488","4 020 526","4 272 584","619 451","5 511","1 948 549","4 626 422","4 952 078","4 520 856"
"","Myanmar [MM]","363 871","365 606","368 188","378 232","54 709","7 256","193 778","394 134","546 629","688 678"
"","Philippines [PH]","323 860","381 252","432 237","506 306","71 796","4 078","178 021","461 251","598 124","704 575"
"","Singapore [SG]","1 163 309","1 032 647","1 069 867","1 056 582","126 879","5 931","614 627","1 027 424","1 009 640","967 341"
"","Timor-Leste [TL]","","","","","","","","","756",""
"","Total Country (World)","32 529 588","35 591 978","38 178 194","39 916 251","6 702 396","427 869","11 153 026","28 150 016","35 545 713","32 974 321"
"","Total Intra-ASEAN","8 897 291","9 322 508","10 191 391","10 751 957","1 652 593","32 820","4 526 645","9 822 280","10 661 535","9 466 401"
"","Viet Nam [VN]","863 807","935 179","1 028 150","1 047 663","132 514","1 794","468 393","1 033 688","984 248","660 386"
"Timor-Leste","Indonesia [ID]","","","15 523","9 183","1 802","383","209","9 481","12 358","3 504"
"","Malaysia [MY]","","","1 441","1 386","155","41","62","1 027","1 081","2 469"
"","Philippines [PH]","","","3 320","2 173","552","59","92","1 307","1 504","736"
"","Singapore [SG]","","","1 373","1 147","1 492","12","28","923","981","495"
"","Total Country (World)","","","74 661","74 851","17 879","5 499","3 718","75 550","96 718","59 436"
"","Total Intra-ASEAN","","","21 657","13 889","4 001","495","391","12 738","15 924","7 204"
"Viet Nam","Brunei Darussalam [BN]","","9 387","8 602","","","","","","",""
"","Cambodia [KH]","211 949","222 614","202 954","227 910","120 430","","200 907","402 062","474 580","687 132"
"","Indonesia [ID]","69 653","81 065","87 941","106 688","21 446","","36 084","105 380","184 093","207 196"
"","Lao PDR [LA]","137 004","141 588","120 009","98 492","36 810","","77 485","120 522","148 655","179 340"
"","Malaysia [MY]","407 574","480 456","540 119","606 206","116 221","","170 870","470 105","495 383","573 716"
"","Myanmar [MM]","","35 626","34 505","","","","","","",""
"","Philippines [PH]","110 967","133 543","151 641","179 190","36 969","","49 266","153 168","265 947","482 173"
"","Singapore [SG]","257 041","277 658","286 246","308 969","51 726","","178 861","328 195","347 495","401 420"
"","Thailand [TH]","266 984","301 587","349 310","509 802","125 725","","202 246","489 174","418 054","457 775"
"","Total Country (World)","10 012 735","12 922 151","15 497 791","18 008 591","3 686 779","3 500","3 661 222","12 602 434","17 583 900","21 168 291"
"","Total Intra-ASEAN","1 461 172","1 683 524","1 781 327","2 037 257","509 327","","915 719","2 068 606","2 334 207","2 988 752"