Country Name,Country Code,Series Name,Series Code,2015 [YR2015],2016 [YR2016],2017 [YR2017],2018 [YR2018],2019 [YR2019],2020 [YR2020],2021 [YR2021],2022 [YR2022],2023 [YR2023],2024 [YR2024],2025 [YR2025]
Brunei Darussalam,BRN,"Life expectancy at birth, total (years)",SP.DYN.LE00.IN,74.88,74.905,74.943,74.992,75.049,75.114,74.869,72.917,75.327,75.501,..
Brunei Darussalam,BRN,Current health expenditure (% of GDP),SH.XPD.CHEX.GD.ZS,2.38708901,2.54828691,2.27022862,2.41600895,2.23100758,2.45359564,2.14748693,1.77042186,2.2286067,..,..
Brunei Darussalam,BRN,"Mortality rate, under-5 (per 1,000 live births)",SH.DYN.MORT,10.7,10.7,10.7,10.6,10.5,10.4,10.3,10.2,10.1,9.9,..
Brunei Darussalam,BRN,"Mortality rate, under-5, female (per 1,000 live births)",SH.DYN.MORT.FE,9.9,9.9,9.9,9.8,9.7,9.6,9.5,9.4,9.3,9.2,..
Brunei Darussalam,BRN,"Mortality rate, under-5, male (per 1,000 live births)",SH.DYN.MORT.MA,11.4,11.5,11.5,11.4,11.3,11.2,11,10.9,10.8,10.7,..
Brunei Darussalam,BRN,"Maternal mortality ratio (modeled estimate, per 100,000 live births)",SH.STA.MMRT,39,39,39,39,38,39,44,88,36,..,..
Brunei Darussalam,BRN,"Maternal mortality ratio (national estimate, per 100,000 live births)",SH.STA.MMRT.NE,..,..,..,..,..,..,..,..,..,..,..
Brunei Darussalam,BRN,"Hospital beds (per 1,000 people)",SH.MED.BEDS.ZS,3.06,3.1,3.34,3.42,3.66,3.84,3.82,4.19,3.58,..,..
Brunei Darussalam,BRN,"Physicians (per 1,000 people)",SH.MED.PHYS.ZS,1.75,..,1.578,1.763,..,..,1.886,..,..,..,..
Cambodia,KHM,"Life expectancy at birth, total (years)",SP.DYN.LE00.IN,69.398,69.635,69.842,69.993,70.127,70.059,69.301,70.528,70.668,70.817,..
Cambodia,KHM,Current health expenditure (% of GDP),SH.XPD.CHEX.GD.ZS,4.53898621,4.49053288,4.26933241,4.49707794,5.05801058,5.13031435,6.33888054,4.46856117,4.61706829,..,..
Cambodia,KHM,"Mortality rate, under-5 (per 1,000 live births)",SH.DYN.MORT,29.6,27.5,25.6,24.1,22.8,21.8,20.8,19.9,19.1,18.4,..
Cambodia,KHM,"Mortality rate, under-5, female (per 1,000 live births)",SH.DYN.MORT.FE,26.1,24.2,22.6,21.2,20.1,19.2,18.3,17.6,16.9,16.2,..
Cambodia,KHM,"Mortality rate, under-5, male (per 1,000 live births)",SH.DYN.MORT.MA,33,30.6,28.5,26.8,25.3,24.1,23.1,22.1,21.2,20.4,..
Cambodia,KHM,"Maternal mortality ratio (modeled estimate, per 100,000 live births)",SH.STA.MMRT,166,159,155,151,149,164,189,159,137,..,..
Cambodia,KHM,"Maternal mortality ratio (national estimate, per 100,000 live births)",SH.STA.MMRT.NE,..,..,..,..,..,..,154,..,..,..,..
Cambodia,KHM,"Hospital beds (per 1,000 people)",SH.MED.BEDS.ZS,0.83,..,..,0.73,..,..,..,..,..,..,..
Cambodia,KHM,"Physicians (per 1,000 people)",SH.MED.PHYS.ZS,0.15,0.197,0.195,0.211,0.211,..,..,..,..,..,..
Indonesia,IDN,"Life expectancy at birth, total (years)",SP.DYN.LE00.IN,69.52,69.733,69.953,70.08,70.349,68.817,67.452,70.925,71.146,71.288,..
Indonesia,IDN,Current health expenditure (% of GDP),SH.XPD.CHEX.GD.ZS,2.92428517,3.02147198,2.90417194,2.86757827,2.87862897,3.42067289,3.70634937,2.69389749,2.70239949,..,..
Indonesia,IDN,"Mortality rate, under-5 (per 1,000 live births)",SH.DYN.MORT,26.1,25,23.8,22.8,21.8,20.8,19.9,19.1,18.4,17.7,..
Indonesia,IDN,"Mortality rate, under-5, female (per 1,000 live births)",SH.DYN.MORT.FE,23.5,22.4,21.4,20.4,19.5,18.7,17.8,17.1,16.4,15.8,..
Indonesia,IDN,"Mortality rate, under-5, male (per 1,000 live births)",SH.DYN.MORT.MA,28.7,27.4,26.2,25.1,23.9,22.9,21.9,21,20.2,19.4,..
Indonesia,IDN,"Maternal mortality ratio (modeled estimate, per 100,000 live births)",SH.STA.MMRT,190,182,173,168,161,184,226,148,140,..,..
Indonesia,IDN,"Maternal mortality ratio (national estimate, per 100,000 live births)",SH.STA.MMRT.NE,..,..,..,..,..,..,..,..,..,..,..
Indonesia,IDN,"Hospital beds (per 1,000 people)",SH.MED.BEDS.ZS,0.95,0.97,1.02,1.15,1.16,1.38,1.34,1.4,1.37,..,..
Indonesia,IDN,"Physicians (per 1,000 people)",SH.MED.PHYS.ZS,0.27,..,0.373,0.421,0.462,0.62,0.688,0.681,0.524,..,..
Lao PDR,LAO,"Life expectancy at birth, total (years)",SP.DYN.LE00.IN,66.688,67.014,67.345,67.594,67.911,68.339,67.807,68.715,68.964,69.225,..
Lao PDR,LAO,Current health expenditure (% of GDP),SH.XPD.CHEX.GD.ZS,2.45366454,2.36087489,2.52606821,2.24630046,2.60312223,2.05965185,2.74392009,2.01825476,1.32651615,..,..
Lao PDR,LAO,"Mortality rate, under-5 (per 1,000 live births)",SH.DYN.MORT,44.4,42.2,40.2,38.3,36.5,34.8,33.2,31.8,30.5,29.4,..
Lao PDR,LAO,"Mortality rate, under-5, female (per 1,000 live births)",SH.DYN.MORT.FE,38.9,36.9,35.1,33.5,31.9,30.4,29,27.7,26.5,25.6,..
Lao PDR,LAO,"Mortality rate, under-5, male (per 1,000 live births)",SH.DYN.MORT.MA,49.7,47.2,45,42.9,40.9,39,37.3,35.7,34.2,32.9,..
Lao PDR,LAO,"Maternal mortality ratio (modeled estimate, per 100,000 live births)",SH.STA.MMRT,180,165,154,145,137,132,139,120,112,..,..
Lao PDR,LAO,"Maternal mortality ratio (national estimate, per 100,000 live births)",SH.STA.MMRT.NE,..,..,..,..,..,..,..,..,..,..,..
Lao PDR,LAO,"Hospital beds (per 1,000 people)",SH.MED.BEDS.ZS,1.15,1.21,1.58,1.46,1.68,1.27,1.31,1.29,1.71,..,..
Lao PDR,LAO,"Physicians (per 1,000 people)",SH.MED.PHYS.ZS,0.4,0.371,0.44,0.361,0.363,0.356,0.325,0.331,..,..,..
Malaysia,MYS,"Life expectancy at birth, total (years)",SP.DYN.LE00.IN,75.288,75.371,75.542,75.734,75.9,76.057,73.917,75.444,76.657,76.821,..
Malaysia,MYS,Current health expenditure (% of GDP),SH.XPD.CHEX.GD.ZS,3.82201481,3.70085335,3.71472311,3.75944281,3.83991051,4.08254337,4.37438345,3.90037823,3.95760036,..,..
Malaysia,MYS,"Mortality rate, under-5 (per 1,000 live births)",SH.DYN.MORT,8.2,8.2,8.2,8.2,8.2,8.2,8.2,8.2,8.3,8.3,..
Malaysia,MYS,"Mortality rate, under-5, female (per 1,000 live births)",SH.DYN.MORT.FE,7.4,7.5,7.5,7.5,7.5,7.5,7.5,7.5,7.5,7.6,..
Malaysia,MYS,"Mortality rate, under-5, male (per 1,000 live births)",SH.DYN.MORT.MA,8.9,8.9,8.9,8.9,8.9,8.9,8.9,8.9,9,9,..
Malaysia,MYS,"Maternal mortality ratio (modeled estimate, per 100,000 live births)",SH.STA.MMRT,30,30,29,29,28,29,52,38,26,..,..
Malaysia,MYS,"Maternal mortality ratio (national estimate, per 100,000 live births)",SH.STA.MMRT.NE,..,..,..,..,..,..,..,..,..,..,..
Malaysia,MYS,"Hospital beds (per 1,000 people)",SH.MED.BEDS.ZS,1.86,1.88,1.89,1.9,1.9,1.93,1.97,1.94,1.96,..,..
Malaysia,MYS,"Physicians (per 1,000 people)",SH.MED.PHYS.ZS,1.489,1.576,1.787,1.858,2.021,2.183,2.268,2.29,2.341,..,..
Myanmar,MMR,"Life expectancy at birth, total (years)",SP.DYN.LE00.IN,65.288,65.64,65.909,66.232,66.457,66.612,65.553,66.506,66.889,67.095,..
Myanmar,MMR,Current health expenditure (% of GDP),SH.XPD.CHEX.GD.ZS,5.19711542,4.76220942,4.6921258,4.53514671,3.814466,4.27808714,5.53530645,4.49158478,4.45748425,..,..
Myanmar,MMR,"Mortality rate, under-5 (per 1,000 live births)",SH.DYN.MORT,50.5,48.7,46.8,45.2,43.6,42.1,40.8,39.5,38.1,36.9,..
Myanmar,MMR,"Mortality rate, under-5, female (per 1,000 live births)",SH.DYN.MORT.FE,45.4,43.7,42,40.5,39.1,37.8,36.4,35.3,34.2,33,..
Myanmar,MMR,"Mortality rate, under-5, male (per 1,000 live births)",SH.DYN.MORT.MA,55.2,53.3,51.4,49.6,47.9,46.3,44.8,43.4,42,40.5,..
Myanmar,MMR,"Maternal mortality ratio (modeled estimate, per 100,000 live births)",SH.STA.MMRT,222,215,209,201,195,198,231,193,185,..,..
Myanmar,MMR,"Maternal mortality ratio (national estimate, per 100,000 live births)",SH.STA.MMRT.NE,..,..,..,..,..,..,..,..,..,..,..
Myanmar,MMR,"Hospital beds (per 1,000 people)",SH.MED.BEDS.ZS,1.07,1.07,1.06,1.06,1.05,1.07,..,..,..,..,..
Myanmar,MMR,"Physicians (per 1,000 people)",SH.MED.PHYS.ZS,..,0.638,0.889,0.696,0.757,..,..,..,..,..,..
Philippines,PHL,"Life expectancy at birth, total (years)",SP.DYN.LE00.IN,69.45,69.49,69.966,69.761,69.68,70.097,66.675,69.472,69.833,69.946,..
Philippines,PHL,Current health expenditure (% of GDP),SH.XPD.CHEX.GD.ZS,3.8982749,3.95484328,3.96042776,3.9538188,4.16646004,5.16214037,5.97500563,5.15588379,5.10122538,..,..
Philippines,PHL,"Mortality rate, under-5 (per 1,000 live births)",SH.DYN.MORT,27.9,27.8,27.8,27.9,28,28,27.9,27.5,27,26.5,..
Philippines,PHL,"Mortality rate, under-5, female (per 1,000 live births)",SH.DYN.MORT.FE,24.9,24.8,24.9,25,25.1,25,24.8,24.5,24.1,23.6,..
Philippines,PHL,"Mortality rate, under-5, male (per 1,000 live births)",SH.DYN.MORT.MA,30.6,30.6,30.7,30.8,30.9,30.9,30.7,30.3,29.8,29.2,..
Philippines,PHL,"Maternal mortality ratio (modeled estimate, per 100,000 live births)",SH.STA.MMRT,104,98,86,92,92,88,153,92,84,..,..
Philippines,PHL,"Maternal mortality ratio (national estimate, per 100,000 live births)",SH.STA.MMRT.NE,..,..,..,..,..,..,..,..,..,..,..
Philippines,PHL,"Hospital beds (per 1,000 people)",SH.MED.BEDS.ZS,0.93,1.03,0.98,0.94,0.98,0.99,0.97,..,..,..,..
Philippines,PHL,"Physicians (per 1,000 people)",SH.MED.PHYS.ZS,0.609,0.631,0.66,0.695,0.732,0.752,0.792,..,..,..,..
Singapore,SGP,"Life expectancy at birth, total (years)",SP.DYN.LE00.IN,82.7439024390244,82.8463414634146,83.0951219512195,83.2975609756098,83.5951219512195,83.5439024390244,83.0926829268293,82.8951219512195,83.0975609756098,83.3463414634146,..
Singapore,SGP,Current health expenditure (% of GDP),SH.XPD.CHEX.GD.ZS,4.18061399,4.37989521,4.35978413,4.07275724,4.40746737,5.70015287,5.14599705,4.33121586,4.49163246,..,..
Singapore,SGP,"Mortality rate, under-5 (per 1,000 live births)",SH.DYN.MORT,2.7,2.6,2.6,2.5,2.5,2.4,2.4,2.5,2.6,2.7,..
Singapore,SGP,"Mortality rate, under-5, female (per 1,000 live births)",SH.DYN.MORT.FE,2.5,2.5,2.4,2.4,2.3,2.3,2.3,2.3,2.4,2.5,..
Singapore,SGP,"Mortality rate, under-5, male (per 1,000 live births)",SH.DYN.MORT.MA,2.9,2.8,2.8,2.7,2.6,2.6,2.6,2.6,2.7,2.8,..
Singapore,SGP,"Maternal mortality ratio (modeled estimate, per 100,000 live births)",SH.STA.MMRT,8,8,8,8,7,13,20,34,6,..,..
Singapore,SGP,"Maternal mortality ratio (national estimate, per 100,000 live births)",SH.STA.MMRT.NE,..,..,..,..,..,..,..,..,..,..,..
Singapore,SGP,"Hospital beds (per 1,000 people)",SH.MED.BEDS.ZS,2.4,2.5,2.49,2.58,2.69,2.77,2.84,2.83,2.81,..,..
Singapore,SGP,"Physicians (per 1,000 people)",SH.MED.PHYS.ZS,2.255,2.325,2.389,2.443,2.519,2.638,2.781,2.834,..,..,..
Thailand,THA,"Life expectancy at birth, total (years)",SP.DYN.LE00.IN,76.563,76.769,76.989,77.19,77.197,77.331,77.606,75.291,76.412,76.564,..
Thailand,THA,Current health expenditure (% of GDP),SH.XPD.CHEX.GD.ZS,3.8522861,3.93900609,3.85276842,3.87040329,3.78911877,4.35724688,5.15399981,5.35471153,4.53787661,..,..
Thailand,THA,"Mortality rate, under-5 (per 1,000 live births)",SH.DYN.MORT,11.9,11.5,11.1,10.8,10.4,10.1,9.8,9.5,9.2,9,..
Thailand,THA,"Mortality rate, under-5, female (per 1,000 live births)",SH.DYN.MORT.FE,10.5,10.2,9.9,9.6,9.3,9,8.7,8.5,8.3,8,..
Thailand,THA,"Mortality rate, under-5, male (per 1,000 live births)",SH.DYN.MORT.MA,13.1,12.7,12.3,11.9,11.5,11.2,10.8,10.5,10.2,9.9,..
Thailand,THA,"Maternal mortality ratio (modeled estimate, per 100,000 live births)",SH.STA.MMRT,34,34,34,34,34,36,38,112,34,..,..
Thailand,THA,"Maternal mortality ratio (national estimate, per 100,000 live births)",SH.STA.MMRT.NE,..,..,..,..,..,..,..,..,..,..,..
Thailand,THA,"Hospital beds (per 1,000 people)",SH.MED.BEDS.ZS,2.13,2,2.12,2.1,2.21,2.32,2.34,2.39,2.39,..,..
Thailand,THA,"Physicians (per 1,000 people)",SH.MED.PHYS.ZS,0.453,0.433,0.788,0.518,0.548,0.509,0.541,..,..,..,..
Viet Nam,VNM,"Life expectancy at birth, total (years)",SP.DYN.LE00.IN,73.955,73.984,74.026,74.1,74.211,75.383,74.145,74.502,74.588,74.736,..
Viet Nam,VNM,Current health expenditure (% of GDP),SH.XPD.CHEX.GD.ZS,4.71140909,4.86994743,4.99014759,5.02678823,4.97407484,4.33219814,4.53792429,4.53809595,4.56109476,..,..
Viet Nam,VNM,"Mortality rate, under-5 (per 1,000 live births)",SH.DYN.MORT,21.6,21.3,20.9,20.5,20,19.5,18.9,18.4,17.8,17.3,..
Viet Nam,VNM,"Mortality rate, under-5, female (per 1,000 live births)",SH.DYN.MORT.FE,17.6,17.3,17,16.7,16.3,15.9,15.5,15,14.5,14.1,..
Viet Nam,VNM,"Mortality rate, under-5, male (per 1,000 live births)",SH.DYN.MORT.MA,25.5,25,24.6,24.1,23.5,22.9,22.2,21.6,20.9,20.3,..
Viet Nam,VNM,"Maternal mortality ratio (modeled estimate, per 100,000 live births)",SH.STA.MMRT,58,56,55,53,52,51,52,49,48,..,..
Viet Nam,VNM,"Maternal mortality ratio (national estimate, per 100,000 live births)",SH.STA.MMRT.NE,..,..,..,..,..,..,..,..,..,..,..
Viet Nam,VNM,"Hospital beds (per 1,000 people)",SH.MED.BEDS.ZS,2.51,2.47,2.52,..,..,..,..,..,..,..,..
Viet Nam,VNM,"Physicians (per 1,000 people)",SH.MED.PHYS.ZS,0.795,0.825,..,0.881,0.99,0.856,1.107,..,..,..,..
Timor-Leste,TLS,"Life expectancy at birth, total (years)",SP.DYN.LE00.IN,65.326,65.61,65.898,66.204,66.496,66.919,66.199,67.368,67.689,67.904,..
Timor-Leste,TLS,Current health expenditure (% of GDP),SH.XPD.CHEX.GD.ZS,7.69146681,6.94250727,6.80442286,6.40227413,4.99218798,7.26445007,4.9192977,7.46371841,9.59779453,..,..
Timor-Leste,TLS,"Mortality rate, under-5 (per 1,000 live births)",SH.DYN.MORT,60.2,58.7,57.3,56,54.8,53.4,52,50.7,49.2,47.6,..
Timor-Leste,TLS,"Mortality rate, under-5, female (per 1,000 live births)",SH.DYN.MORT.FE,55.2,53.6,52.4,51.2,50,48.8,47.5,46.2,44.8,43.4,..
Timor-Leste,TLS,"Mortality rate, under-5, male (per 1,000 live births)",SH.DYN.MORT.MA,65,63.3,61.9,60.6,59.3,57.9,56.4,54.9,53.3,51.7,..
Timor-Leste,TLS,"Maternal mortality ratio (modeled estimate, per 100,000 live births)",SH.STA.MMRT,305,287,269,251,237,257,263,235,192,..,..
Timor-Leste,TLS,"Maternal mortality ratio (national estimate, per 100,000 live births)",SH.STA.MMRT.NE,..,195,..,..,..,..,..,..,..,..,..
Timor-Leste,TLS,"Hospital beds (per 1,000 people)",SH.MED.BEDS.ZS,0.39,..,0.42,0.42,0.41,0.4,0.39,0.39,0.38,..,..
Timor-Leste,TLS,"Physicians (per 1,000 people)",SH.MED.PHYS.ZS,0.69,..,0.745,0.718,0.764,0.752,..,..,..,..,..
,,,,,,,,,,,,,,
,,,,,,,,,,,,,,
,,,,,,,,,,,,,,
Data from database: World Development Indicators,,,,,,,,,,,,,,
Last Updated: 07/13/2026,,,,,,,,,,,,,,
