DestinationCountryCode,OriginCountryCode,Year,Visitors
BRN,KHM,2016,318.0
BRN,KHM,2017,356.0
BRN,KHM,2018,420.0
BRN,KHM,2019,463.0
BRN,KHM,2020,29.0
BRN,KHM,2021,1.0
BRN,KHM,2022,23.0
BRN,KHM,2023,322.0
BRN,KHM,2024,499.0
BRN,KHM,2025,577.0
BRN,IDN,2016,20844.0
BRN,IDN,2017,22420.0
BRN,IDN,2018,27462.0
BRN,IDN,2019,33626.0
BRN,IDN,2020,6262.0
BRN,IDN,2021,135.0
BRN,IDN,2022,1596.0
BRN,IDN,2023,13672.0
BRN,IDN,2024,25974.0
BRN,IDN,2025,31747.0
BRN,LAO,2016,192.0
BRN,LAO,2017,144.0
BRN,LAO,2018,233.0
BRN,LAO,2019,221.0
BRN,LAO,2020,46.0
BRN,LAO,2021,1.0
BRN,LAO,2022,94.0
BRN,LAO,2023,131.0
BRN,LAO,2024,192.0
BRN,LAO,2025,257.0
BRN,MYS,2016,54374.0
BRN,MYS,2017,60030.0
BRN,MYS,2018,59528.0
BRN,MYS,2019,82876.0
BRN,MYS,2020,16869.0
BRN,MYS,2021,568.0
BRN,MYS,2022,12175.0
BRN,MYS,2023,34534.0
BRN,MYS,2024,73653.0
BRN,MYS,2025,71412.0
BRN,MMR,2016,596.0
BRN,MMR,2017,643.0
BRN,MMR,2018,667.0
BRN,MMR,2019,872.0
BRN,MMR,2020,75.0
BRN,MMR,2021,35.0
BRN,MMR,2022,199.0
BRN,MMR,2023,850.0
BRN,MMR,2024,1617.0
BRN,MMR,2025,1318.0
BRN,PHL,2016,17064.0
BRN,PHL,2017,23157.0
BRN,PHL,2018,22319.0
BRN,PHL,2019,24584.0
BRN,PHL,2020,4562.0
BRN,PHL,2021,118.0
BRN,PHL,2022,1914.0
BRN,PHL,2023,9963.0
BRN,PHL,2024,18228.0
BRN,PHL,2025,19054.0
BRN,SGP,2016,14473.0
BRN,SGP,2017,14919.0
BRN,SGP,2018,14091.0
BRN,SGP,2019,14789.0
BRN,SGP,2020,2226.0
BRN,SGP,2021,430.0
BRN,SGP,2022,4193.0
BRN,SGP,2023,9203.0
BRN,SGP,2024,19664.0
BRN,SGP,2025,22781.0
BRN,THA,2016,6303.0
BRN,THA,2017,6302.0
BRN,THA,2018,5828.0
BRN,THA,2019,5730.0
BRN,THA,2020,1040.0
BRN,THA,2021,43.0
BRN,THA,2022,613.0
BRN,THA,2023,2455.0
BRN,THA,2024,4519.0
BRN,THA,2025,4782.0
BRN,TLS,2024,114.0
BRN,VNM,2016,3361.0
BRN,VNM,2017,3380.0
BRN,VNM,2018,4048.0
BRN,VNM,2019,5544.0
BRN,VNM,2020,1462.0
BRN,VNM,2021,13.0
BRN,VNM,2022,632.0
BRN,VNM,2023,2764.0
BRN,VNM,2024,4588.0
BRN,VNM,2025,4617.0
KHM,BRN,2016,1120.0
KHM,BRN,2017,1009.0
KHM,BRN,2018,790.0
KHM,BRN,2019,1131.0
KHM,BRN,2020,150.0
KHM,BRN,2021,11.0
KHM,BRN,2022,560.0
KHM,BRN,2023,545.0
KHM,BRN,2024,541.0
KHM,BRN,2025,462.0
KHM,IDN,2016,48771.0
KHM,IDN,2017,49878.0
KHM,IDN,2018,55753.0
KHM,IDN,2019,66804.0
KHM,IDN,2020,14564.0
KHM,IDN,2021,8410.0
KHM,IDN,2022,75653.0
KHM,IDN,2023,127178.0
KHM,IDN,2024,166795.0
KHM,IDN,2025,149840.0
KHM,LAO,2016,369335.0
KHM,LAO,2017,502219.0
KHM,LAO,2018,426180.0
KHM,LAO,2019,363951.0
KHM,LAO,2020,34352.0
KHM,LAO,2021,282.0
KHM,LAO,2022,92609.0
KHM,LAO,2023,372285.0
KHM,LAO,2024,334448.0
KHM,LAO,2025,131472.0
KHM,MYS,2016,152843.0
KHM,MYS,2017,179316.0
KHM,MYS,2018,201116.0
KHM,MYS,2019,203008.0
KHM,MYS,2020,25734.0
KHM,MYS,2021,2989.0
KHM,MYS,2022,53123.0
KHM,MYS,2023,87825.0
KHM,MYS,2024,94260.0
KHM,MYS,2025,96268.0
KHM,MMR,2016,12819.0
KHM,MMR,2017,18981.0
KHM,MMR,2018,22518.0
KHM,MMR,2019,24414.0
KHM,MMR,2020,3100.0
KHM,MMR,2021,493.0
KHM,MMR,2022,6802.0
KHM,MMR,2023,14390.0
KHM,MMR,2024,36976.0
KHM,MMR,2025,36836.0
KHM,PHL,2016,108032.0
KHM,PHL,2017,98499.0
KHM,PHL,2018,92451.0
KHM,PHL,2019,105017.0
KHM,PHL,2020,14760.0
KHM,PHL,2021,1462.0
KHM,PHL,2022,28929.0
KHM,PHL,2023,62268.0
KHM,PHL,2024,69142.0
KHM,PHL,2025,68864.0
KHM,SGP,2016,70556.0
KHM,SGP,2017,81063.0
KHM,SGP,2018,86251.0
KHM,SGP,2019,88564.0
KHM,SGP,2020,10731.0
KHM,SGP,2021,960.0
KHM,SGP,2022,27750.0
KHM,SGP,2023,43879.0
KHM,SGP,2024,45895.0
KHM,SGP,2025,44189.0
KHM,THA,2016,398081.0
KHM,THA,2017,394934.0
KHM,THA,2018,382317.0
KHM,THA,2019,466493.0
KHM,THA,2020,210876.0
KHM,THA,2021,81844.0
KHM,THA,2022,853376.0
KHM,THA,2023,1820460.0
KHM,THA,2024,2146674.0
KHM,THA,2025,1022743.0
KHM,TLS,2020,20.0
KHM,TLS,2021,1.0
KHM,TLS,2022,207.0
KHM,TLS,2023,383.0
KHM,TLS,2024,313.0
KHM,TLS,2025,285.0
KHM,VNM,2016,959663.0
KHM,VNM,2017,835355.0
KHM,VNM,2018,800128.0
KHM,VNM,2019,908803.0
KHM,VNM,2020,182199.0
KHM,VNM,2021,22120.0
KHM,VNM,2022,463995.0
KHM,VNM,2023,1019812.0
KHM,VNM,2024,1340587.0
KHM,VNM,2025,1222101.0
IDN,BRN,2016,23693.0
IDN,BRN,2017,23455.0
IDN,BRN,2018,17279.0
IDN,BRN,2019,19278.0
IDN,BRN,2020,2701.0
IDN,BRN,2021,144.0
IDN,BRN,2022,4798.0
IDN,BRN,2023,13518.0
IDN,BRN,2024,19811.0
IDN,BRN,2025,31797.0
IDN,KHM,2017,6506.0
IDN,KHM,2018,8875.0
IDN,KHM,2019,13843.0
IDN,KHM,2020,2227.0
IDN,KHM,2021,228.0
IDN,KHM,2022,4945.0
IDN,KHM,2023,12611.0
IDN,KHM,2024,10497.0
IDN,KHM,2025,10949.0
IDN,LAO,2017,4036.0
IDN,LAO,2018,3809.0
IDN,LAO,2019,4142.0
IDN,LAO,2020,753.0
IDN,LAO,2021,7.0
IDN,LAO,2022,1102.0
IDN,LAO,2023,3396.0
IDN,LAO,2024,2951.0
IDN,LAO,2025,3401.0
IDN,MYS,2016,1541197.0
IDN,MYS,2017,2121888.0
IDN,MYS,2018,2503344.0
IDN,MYS,2019,2980753.0
IDN,MYS,2020,980118.0
IDN,MYS,2021,480723.0
IDN,MYS,2022,1212574.0
IDN,MYS,2023,1901242.0
IDN,MYS,2024,2270556.0
IDN,MYS,2025,2639749.0
IDN,MMR,2016,44721.0
IDN,MMR,2017,48133.0
IDN,MMR,2018,28612.0
IDN,MMR,2019,46381.0
IDN,MMR,2020,12669.0
IDN,MMR,2021,3093.0
IDN,MMR,2022,22637.0
IDN,MMR,2023,40920.0
IDN,MMR,2024,49218.0
IDN,MMR,2025,57147.0
IDN,PHL,2016,298910.0
IDN,PHL,2017,308977.0
IDN,PHL,2018,217874.0
IDN,PHL,2019,260980.0
IDN,PHL,2020,50413.0
IDN,PHL,2021,9375.0
IDN,PHL,2022,78436.0
IDN,PHL,2023,209458.0
IDN,PHL,2024,238410.0
IDN,PHL,2025,246728.0
IDN,SGP,2016,1515699.0
IDN,SGP,2017,1554119.0
IDN,SGP,2018,1768744.0
IDN,SGP,2019,1934445.0
IDN,SGP,2020,280492.0
IDN,SGP,2021,18704.0
IDN,SGP,2022,736797.0
IDN,SGP,2023,1414447.0
IDN,SGP,2024,1405298.0
IDN,SGP,2025,1526438.0
IDN,THA,2016,124569.0
IDN,THA,2017,138235.0
IDN,THA,2018,124153.0
IDN,THA,2019,136699.0
IDN,THA,2020,21303.0
IDN,THA,2021,3992.0
IDN,THA,2022,61128.0
IDN,THA,2023,111786.0
IDN,THA,2024,118193.0
IDN,THA,2025,112137.0
IDN,TLS,2017,960026.0
IDN,TLS,2018,1762442.0
IDN,TLS,2019,1178381.0
IDN,TLS,2020,994590.0
IDN,TLS,2021,819488.0
IDN,TLS,2022,703780.0
IDN,TLS,2023,728586.0
IDN,TLS,2024,786146.0
IDN,TLS,2025,1009181.0
IDN,VNM,2016,60984.0
IDN,VNM,2017,77466.0
IDN,VNM,2018,75816.0
IDN,VNM,2019,96024.0
IDN,VNM,2020,19608.0
IDN,VNM,2021,2008.0
IDN,VNM,2022,68067.0
IDN,VNM,2023,121879.0
IDN,VNM,2024,104901.0
IDN,VNM,2025,87398.0
LAO,BRN,2016,484.0
LAO,BRN,2017,342.0
LAO,BRN,2018,278.0
LAO,BRN,2019,389.0
LAO,BRN,2020,103.0
LAO,BRN,2022,172.0
LAO,BRN,2023,325.0
LAO,BRN,2024,569.0
LAO,BRN,2025,363.0
LAO,KHM,2016,16536.0
LAO,KHM,2017,15108.0
LAO,KHM,2018,18908.0
LAO,KHM,2019,28342.0
LAO,KHM,2020,5012.0
LAO,KHM,2022,11543.0
LAO,KHM,2023,18961.0
LAO,KHM,2024,23400.0
LAO,KHM,2025,32432.0
LAO,IDN,2016,5010.0
LAO,IDN,2017,3241.0
LAO,IDN,2018,3487.0
LAO,IDN,2019,5161.0
LAO,IDN,2020,1217.0
LAO,IDN,2022,2134.0
LAO,IDN,2023,3546.0
LAO,IDN,2024,8134.0
LAO,IDN,2025,7261.0
LAO,MYS,2016,24391.0
LAO,MYS,2017,19114.0
LAO,MYS,2018,26002.0
LAO,MYS,2019,28321.0
LAO,MYS,2020,5800.0
LAO,MYS,2022,6382.0
LAO,MYS,2023,16761.0
LAO,MYS,2024,21900.0
LAO,MYS,2025,21106.0
LAO,MMR,2016,3695.0
LAO,MMR,2017,2848.0
LAO,MMR,2018,22132.0
LAO,MMR,2019,22524.0
LAO,MMR,2020,1417.0
LAO,MMR,2022,2348.0
LAO,MMR,2023,7068.0
LAO,MMR,2024,19879.0
LAO,MMR,2025,19076.0
LAO,PHL,2016,16750.0
LAO,PHL,2017,10168.0
LAO,PHL,2018,10826.0
LAO,PHL,2019,17187.0
LAO,PHL,2020,3679.0
LAO,PHL,2022,4986.0
LAO,PHL,2023,12886.0
LAO,PHL,2024,13948.0
LAO,PHL,2025,21379.0
LAO,SGP,2016,8512.0
LAO,SGP,2017,6829.0
LAO,SGP,2018,7692.0
LAO,SGP,2019,11730.0
LAO,SGP,2020,2008.0
LAO,SGP,2022,5012.0
LAO,SGP,2023,7709.0
LAO,SGP,2024,8613.0
LAO,SGP,2025,9236.0
LAO,THA,2016,2009605.0
LAO,THA,2017,1797803.0
LAO,THA,2018,1929934.0
LAO,THA,2019,2160300.0
LAO,THA,2020,350103.0
LAO,THA,2022,731754.0
LAO,THA,2023,1326705.0
LAO,THA,2024,1215553.0
LAO,THA,2025,1484319.0
LAO,VNM,2016,998400.0
LAO,VNM,2017,891643.0
LAO,VNM,2018,867585.0
LAO,VNM,2019,924875.0
LAO,VNM,2020,186180.0
LAO,VNM,2022,360045.0
LAO,VNM,2023,837632.0
LAO,VNM,2024,1054204.0
LAO,VNM,2025,1129109.0
MYS,BRN,2016,1391016.0
MYS,BRN,2017,1660506.0
MYS,BRN,2018,1382031.0
MYS,BRN,2019,1216123.0
MYS,BRN,2020,136020.0
MYS,BRN,2021,773.0
MYS,BRN,2022,301757.0
MYS,BRN,2023,811833.0
MYS,BRN,2024,1732119.0
MYS,BRN,2025,1588615.0
MYS,KHM,2016,61844.0
MYS,KHM,2017,42004.0
MYS,KHM,2018,90113.0
MYS,KHM,2019,97097.0
MYS,KHM,2020,16548.0
MYS,KHM,2021,250.0
MYS,KHM,2022,39823.0
MYS,KHM,2023,72627.0
MYS,KHM,2024,77342.0
MYS,KHM,2025,78246.0
MYS,IDN,2016,3049964.0
MYS,IDN,2017,2796570.0
MYS,IDN,2018,3277689.0
MYS,IDN,2019,3623277.0
MYS,IDN,2020,711723.0
MYS,IDN,2021,11025.0
MYS,IDN,2022,1481739.0
MYS,IDN,2023,3108165.0
MYS,IDN,2024,4145127.0
MYS,IDN,2025,4266358.0
MYS,LAO,2016,31061.0
MYS,LAO,2017,39460.0
MYS,LAO,2018,23782.0
MYS,LAO,2019,26955.0
MYS,LAO,2020,5424.0
MYS,LAO,2021,425.0
MYS,LAO,2022,7010.0
MYS,LAO,2023,16781.0
MYS,LAO,2024,26085.0
MYS,LAO,2025,31759.0
MYS,MMR,2016,49175.0
MYS,MMR,2017,42314.0
MYS,MMR,2018,38513.0
MYS,MMR,2019,46257.0
MYS,MMR,2020,9745.0
MYS,MMR,2021,377.0
MYS,MMR,2022,36765.0
MYS,MMR,2023,86298.0
MYS,MMR,2024,147133.0
MYS,MMR,2025,235490.0
MYS,PHL,2016,417446.0
MYS,PHL,2017,370559.0
MYS,PHL,2018,396062.0
MYS,PHL,2019,421908.0
MYS,PHL,2020,66051.0
MYS,PHL,2021,2317.0
MYS,PHL,2022,159442.0
MYS,PHL,2023,339282.0
MYS,PHL,2024,571533.0
MYS,PHL,2025,613338.0
MYS,SGP,2016,13272961.0
MYS,SGP,2017,12441713.0
MYS,SGP,2018,10615986.0
MYS,SGP,2019,10163882.0
MYS,SGP,2020,1545255.0
MYS,SGP,2021,16308.0
MYS,SGP,2022,5222991.0
MYS,SGP,2023,8308230.0
MYS,SGP,2024,18855680.0
MYS,SGP,2025,21076783.0
MYS,THA,2016,1780800.0
MYS,THA,2017,1836522.0
MYS,THA,2018,1914692.0
MYS,THA,2019,1884306.0
MYS,THA,2020,394413.0
MYS,THA,2021,59607.0
MYS,THA,2022,715528.0
MYS,THA,2023,1551282.0
MYS,THA,2024,2268182.0
MYS,THA,2025,2501009.0
MYS,TLS,2024,3567.0
MYS,TLS,2025,331074.0
MYS,VNM,2016,216877.0
MYS,VNM,2017,248927.0
MYS,VNM,2018,375578.0
MYS,VNM,2019,400346.0
MYS,VNM,2020,64184.0
MYS,VNM,2021,583.0
MYS,VNM,2022,173763.0
MYS,VNM,2023,344361.0
MYS,VNM,2024,366525.0
MYS,VNM,2025,5659.0
MMR,BRN,2017,632.0
MMR,BRN,2018,532.0
MMR,BRN,2019,454.0
MMR,BRN,2020,77.0
MMR,BRN,2021,13.0
MMR,BRN,2022,26.0
MMR,BRN,2023,110.0
MMR,BRN,2024,92.0
MMR,BRN,2025,151.0
MMR,KHM,2017,5531.0
MMR,KHM,2018,6457.0
MMR,KHM,2019,7879.0
MMR,KHM,2020,1802.0
MMR,KHM,2021,26.0
MMR,KHM,2022,513.0
MMR,KHM,2023,1419.0
MMR,KHM,2024,1862.0
MMR,KHM,2025,1638.0
MMR,IDN,2017,11517.0
MMR,IDN,2018,12898.0
MMR,IDN,2019,15558.0
MMR,IDN,2020,3653.0
MMR,IDN,2021,486.0
MMR,IDN,2022,1642.0
MMR,IDN,2023,2836.0
MMR,IDN,2024,2983.0
MMR,IDN,2025,4242.0
MMR,LAO,2017,2308.0
MMR,LAO,2018,2665.0
MMR,LAO,2019,2783.0
MMR,LAO,2020,505.0
MMR,LAO,2021,6.0
MMR,LAO,2022,162.0
MMR,LAO,2023,679.0
MMR,LAO,2024,728.0
MMR,LAO,2025,3929.0
MMR,MYS,2016,43931.0
MMR,MYS,2017,47010.0
MMR,MYS,2018,47632.0
MMR,MYS,2019,44203.0
MMR,MYS,2020,8497.0
MMR,MYS,2021,981.0
MMR,MYS,2022,3892.0
MMR,MYS,2023,7703.0
MMR,MYS,2024,6135.0
MMR,MYS,2025,6646.0
MMR,PHL,2016,16421.0
MMR,PHL,2017,18143.0
MMR,PHL,2018,16748.0
MMR,PHL,2019,17398.0
MMR,PHL,2020,3311.0
MMR,PHL,2021,233.0
MMR,PHL,2022,1145.0
MMR,PHL,2023,2618.0
MMR,PHL,2024,3141.0
MMR,PHL,2025,3978.0
MMR,SGP,2016,50198.0
MMR,SGP,2017,61859.0
MMR,SGP,2018,58657.0
MMR,SGP,2019,57890.0
MMR,SGP,2020,8762.0
MMR,SGP,2021,217.0
MMR,SGP,2022,3292.0
MMR,SGP,2023,8169.0
MMR,SGP,2024,7381.0
MMR,SGP,2025,8330.0
MMR,THA,2016,243443.0
MMR,THA,2017,1524516.0
MMR,THA,2018,1719350.0
MMR,THA,2019,1924581.0
MMR,THA,2020,457149.0
MMR,THA,2021,106938.0
MMR,THA,2022,154154.0
MMR,THA,2023,949337.0
MMR,THA,2024,766590.0
MMR,THA,2025,533988.0
MMR,TLS,2017,99.0
MMR,TLS,2018,89.0
MMR,TLS,2019,92.0
MMR,TLS,2024,15.0
MMR,TLS,2025,11424.0
MMR,VNM,2016,48869.0
MMR,VNM,2017,58919.0
MMR,VNM,2018,53329.0
MMR,VNM,2019,52567.0
MMR,VNM,2020,9825.0
MMR,VNM,2021,182.0
MMR,VNM,2022,3669.0
MMR,VNM,2023,14396.0
MMR,VNM,2024,9385.0
MMR,VNM,2025,27.0
PHL,BRN,2016,8211.0
PHL,BRN,2017,8679.0
PHL,BRN,2018,9533.0
PHL,BRN,2019,8126.0
PHL,BRN,2020,1037.0
PHL,BRN,2021,37.0
PHL,BRN,2022,1884.0
PHL,BRN,2023,6639.0
PHL,BRN,2024,6578.0
PHL,BRN,2025,5853.0
PHL,KHM,2016,3526.0
PHL,KHM,2017,4712.0
PHL,KHM,2018,4154.0
PHL,KHM,2019,5988.0
PHL,KHM,2020,942.0
PHL,KHM,2021,40.0
PHL,KHM,2022,1454.0
PHL,KHM,2023,3999.0
PHL,KHM,2024,4268.0
PHL,KHM,2025,3951.0
PHL,IDN,2016,44348.0
PHL,IDN,2017,62923.0
PHL,IDN,2018,76651.0
PHL,IDN,2019,70819.0
PHL,IDN,2020,13734.0
PHL,IDN,2021,1888.0
PHL,IDN,2022,24596.0
PHL,IDN,2023,53707.0
PHL,IDN,2024,57864.0
PHL,IDN,2025,48964.0
PHL,LAO,2016,1173.0
PHL,LAO,2017,1580.0
PHL,LAO,2018,1183.0
PHL,LAO,2019,1454.0
PHL,LAO,2020,203.0
PHL,LAO,2021,15.0
PHL,LAO,2022,484.0
PHL,LAO,2023,988.0
PHL,LAO,2024,1171.0
PHL,MYS,2016,139133.0
PHL,MYS,2017,143566.0
PHL,MYS,2018,145242.0
PHL,MYS,2019,139882.0
PHL,MYS,2020,23359.0
PHL,MYS,2021,1620.0
PHL,MYS,2022,46805.0
PHL,MYS,2023,97639.0
PHL,MYS,2024,99881.0
PHL,MYS,2025,100603.0
PHL,MMR,2016,7442.0
PHL,MMR,2017,9571.0
PHL,MMR,2018,9630.0
PHL,MMR,2019,13978.0
PHL,MMR,2020,2877.0
PHL,MMR,2021,271.0
PHL,MMR,2022,4255.0
PHL,MMR,2023,6395.0
PHL,MMR,2024,9178.0
PHL,MMR,2025,4080.0
PHL,SGP,2016,176057.0
PHL,SGP,2017,168637.0
PHL,SGP,2018,171795.0
PHL,SGP,2019,158595.0
PHL,SGP,2020,19998.0
PHL,SGP,2021,653.0
PHL,SGP,2022,53448.0
PHL,SGP,2023,149230.0
PHL,SGP,2024,198471.0
PHL,SGP,2025,198461.0
PHL,THA,2016,47913.0
PHL,THA,2017,48727.0
PHL,THA,2018,59793.0
PHL,THA,2019,61292.0
PHL,THA,2020,9788.0
PHL,THA,2021,1464.0
PHL,THA,2022,16300.0
PHL,THA,2023,40952.0
PHL,THA,2024,47675.0
PHL,THA,2025,49650.0
PHL,TLS,2022,374.0
PHL,TLS,2023,479.0
PHL,TLS,2024,702.0
PHL,VNM,2016,33895.0
PHL,VNM,2017,39951.0
PHL,VNM,2018,52328.0
PHL,VNM,2019,66698.0
PHL,VNM,2020,11406.0
PHL,VNM,2021,1785.0
PHL,VNM,2022,38605.0
PHL,VNM,2023,67661.0
PHL,VNM,2024,58677.0
PHL,VNM,2025,33599.0
SGP,BRN,2016,69891.0
SGP,BRN,2017,68419.0
SGP,BRN,2018,74960.0
SGP,BRN,2019,72603.0
SGP,BRN,2020,8153.0
SGP,BRN,2021,1248.0
SGP,BRN,2022,31640.0
SGP,BRN,2023,61687.0
SGP,BRN,2024,58020.0
SGP,BRN,2025,56125.0
SGP,KHM,2017,77619.0
SGP,KHM,2018,98097.0
SGP,KHM,2025,83908.0
SGP,IDN,2016,2893646.0
SGP,IDN,2017,2954400.0
SGP,IDN,2018,3021455.0
SGP,IDN,2019,3110416.0
SGP,IDN,2020,457696.0
SGP,IDN,2021,33457.0
SGP,IDN,2022,1104168.0
SGP,IDN,2023,2300918.0
SGP,IDN,2024,2490000.0
SGP,IDN,2025,2436003.0
SGP,LAO,2017,11377.0
SGP,LAO,2018,11417.0
SGP,LAO,2025,12883.0
SGP,MYS,2016,1151584.0
SGP,MYS,2017,1168384.0
SGP,MYS,2018,1254022.0
SGP,MYS,2019,1220664.0
SGP,MYS,2020,153650.0
SGP,MYS,2021,24217.0
SGP,MYS,2022,590958.0
SGP,MYS,2023,1088162.0
SGP,MYS,2024,1190000.0
SGP,MYS,2025,1275378.0
SGP,MMR,2016,113616.0
SGP,MMR,2017,145721.0
SGP,MMR,2018,145610.0
SGP,MMR,2019,155985.0
SGP,MMR,2020,26112.0
SGP,MMR,2021,10201.0
SGP,MMR,2022,85285.0
SGP,MMR,2023,125487.0
SGP,MMR,2024,149280.0
SGP,MMR,2025,169642.0
SGP,PHL,2016,691643.0
SGP,PHL,2017,736500.0
SGP,PHL,2018,778141.0
SGP,PHL,2019,829304.0
SGP,PHL,2020,97881.0
SGP,PHL,2021,11494.0
SGP,PHL,2022,381988.0
SGP,PHL,2023,692707.0
SGP,PHL,2024,778820.0
SGP,PHL,2025,726065.0
SGP,THA,2016,546555.0
SGP,THA,2017,531335.0
SGP,THA,2018,545650.0
SGP,THA,2019,528486.0
SGP,THA,2020,63622.0
SGP,THA,2021,4379.0
SGP,THA,2022,283431.0
SGP,THA,2023,450029.0
SGP,THA,2024,395500.0
SGP,THA,2025,386488.0
SGP,TLS,2021,710.0
SGP,TLS,2025,3828.0
SGP,VNM,2016,469429.0
SGP,VNM,2017,531359.0
SGP,VNM,2018,591614.0
SGP,VNM,2019,591928.0
SGP,VNM,2020,74424.0
SGP,VNM,2021,3444.0
SGP,VNM,2022,312714.0
SGP,VNM,2023,458585.0
SGP,VNM,2024,393230.0
SGP,VNM,2025,344286.0
THA,BRN,2016,17994.0
THA,BRN,2017,14268.0
THA,BRN,2018,14260.0
THA,BRN,2019,15608.0
THA,BRN,2020,1576.0
THA,BRN,2021,26.0
THA,BRN,2022,5856.0
THA,BRN,2023,14134.0
THA,BRN,2024,16188.0
THA,BRN,2025,15116.0
THA,KHM,2016,684836.0
THA,KHM,2017,840871.0
THA,KHM,2018,948824.0
THA,KHM,2019,910685.0
THA,KHM,2020,165718.0
THA,KHM,2021,4914.0
THA,KHM,2022,379665.0
THA,KHM,2023,583708.0
THA,KHM,2024,553060.0
THA,KHM,2025,253557.0
THA,IDN,2016,558499.0
THA,IDN,2017,576110.0
THA,IDN,2018,644709.0
THA,IDN,2019,709578.0
THA,IDN,2020,99033.0
THA,IDN,2021,2577.0
THA,IDN,2022,235632.0
THA,IDN,2023,762118.0
THA,IDN,2024,876610.0
THA,IDN,2025,787524.0
THA,LAO,2016,1414916.0
THA,LAO,2017,1682087.0
THA,LAO,2018,1664630.0
THA,LAO,2019,1854719.0
THA,LAO,2020,380917.0
THA,LAO,2021,733.0
THA,LAO,2022,502124.0
THA,LAO,2023,919401.0
THA,LAO,2024,1124202.0
THA,LAO,2025,868368.0
THA,MYS,2016,3506199.0
THA,MYS,2017,3494488.0
THA,MYS,2018,4020526.0
THA,MYS,2019,4272584.0
THA,MYS,2020,619451.0
THA,MYS,2021,5511.0
THA,MYS,2022,1948549.0
THA,MYS,2023,4626422.0
THA,MYS,2024,4952078.0
THA,MYS,2025,4520856.0
THA,MMR,2016,363871.0
THA,MMR,2017,365606.0
THA,MMR,2018,368188.0
THA,MMR,2019,378232.0
THA,MMR,2020,54709.0
THA,MMR,2021,7256.0
THA,MMR,2022,193778.0
THA,MMR,2023,394134.0
THA,MMR,2024,546629.0
THA,MMR,2025,688678.0
THA,PHL,2016,323860.0
THA,PHL,2017,381252.0
THA,PHL,2018,432237.0
THA,PHL,2019,506306.0
THA,PHL,2020,71796.0
THA,PHL,2021,4078.0
THA,PHL,2022,178021.0
THA,PHL,2023,461251.0
THA,PHL,2024,598124.0
THA,PHL,2025,704575.0
THA,SGP,2016,1163309.0
THA,SGP,2017,1032647.0
THA,SGP,2018,1069867.0
THA,SGP,2019,1056582.0
THA,SGP,2020,126879.0
THA,SGP,2021,5931.0
THA,SGP,2022,614627.0
THA,SGP,2023,1027424.0
THA,SGP,2024,1009640.0
THA,SGP,2025,967341.0
THA,TLS,2024,756.0
THA,VNM,2016,863807.0
THA,VNM,2017,935179.0
THA,VNM,2018,1028150.0
THA,VNM,2019,1047663.0
THA,VNM,2020,132514.0
THA,VNM,2021,1794.0
THA,VNM,2022,468393.0
THA,VNM,2023,1033688.0
THA,VNM,2024,984248.0
THA,VNM,2025,660386.0
TLS,IDN,2018,15523.0
TLS,IDN,2019,9183.0
TLS,IDN,2020,1802.0
TLS,IDN,2021,383.0
TLS,IDN,2022,209.0
TLS,IDN,2023,9481.0
TLS,IDN,2024,12358.0
TLS,IDN,2025,3504.0
TLS,MYS,2018,1441.0
TLS,MYS,2019,1386.0
TLS,MYS,2020,155.0
TLS,MYS,2021,41.0
TLS,MYS,2022,62.0
TLS,MYS,2023,1027.0
TLS,MYS,2024,1081.0
TLS,MYS,2025,2469.0
TLS,PHL,2018,3320.0
TLS,PHL,2019,2173.0
TLS,PHL,2020,552.0
TLS,PHL,2021,59.0
TLS,PHL,2022,92.0
TLS,PHL,2023,1307.0
TLS,PHL,2024,1504.0
TLS,PHL,2025,736.0
TLS,SGP,2018,1373.0
TLS,SGP,2019,1147.0
TLS,SGP,2020,1492.0
TLS,SGP,2021,12.0
TLS,SGP,2022,28.0
TLS,SGP,2023,923.0
TLS,SGP,2024,981.0
TLS,SGP,2025,495.0
VNM,BRN,2017,9387.0
VNM,BRN,2018,8602.0
VNM,KHM,2016,211949.0
VNM,KHM,2017,222614.0
VNM,KHM,2018,202954.0
VNM,KHM,2019,227910.0
VNM,KHM,2020,120430.0
VNM,KHM,2022,200907.0
VNM,KHM,2023,402062.0
VNM,KHM,2024,474580.0
VNM,KHM,2025,687132.0
VNM,IDN,2016,69653.0
VNM,IDN,2017,81065.0
VNM,IDN,2018,87941.0
VNM,IDN,2019,106688.0
VNM,IDN,2020,21446.0
VNM,IDN,2022,36084.0
VNM,IDN,2023,105380.0
VNM,IDN,2024,184093.0
VNM,IDN,2025,207196.0
VNM,LAO,2016,137004.0
VNM,LAO,2017,141588.0
VNM,LAO,2018,120009.0
VNM,LAO,2019,98492.0
VNM,LAO,2020,36810.0
VNM,LAO,2022,77485.0
VNM,LAO,2023,120522.0
VNM,LAO,2024,148655.0
VNM,LAO,2025,179340.0
VNM,MYS,2016,407574.0
VNM,MYS,2017,480456.0
VNM,MYS,2018,540119.0
VNM,MYS,2019,606206.0
VNM,MYS,2020,116221.0
VNM,MYS,2022,170870.0
VNM,MYS,2023,470105.0
VNM,MYS,2024,495383.0
VNM,MYS,2025,573716.0
VNM,MMR,2017,35626.0
VNM,MMR,2018,34505.0
VNM,PHL,2016,110967.0
VNM,PHL,2017,133543.0
VNM,PHL,2018,151641.0
VNM,PHL,2019,179190.0
VNM,PHL,2020,36969.0
VNM,PHL,2022,49266.0
VNM,PHL,2023,153168.0
VNM,PHL,2024,265947.0
VNM,PHL,2025,482173.0
VNM,SGP,2016,257041.0
VNM,SGP,2017,277658.0
VNM,SGP,2018,286246.0
VNM,SGP,2019,308969.0
VNM,SGP,2020,51726.0
VNM,SGP,2022,178861.0
VNM,SGP,2023,328195.0
VNM,SGP,2024,347495.0
VNM,SGP,2025,401420.0
VNM,THA,2016,266984.0
VNM,THA,2017,301587.0
VNM,THA,2018,349310.0
VNM,THA,2019,509802.0
VNM,THA,2020,125725.0
VNM,THA,2022,202246.0
VNM,THA,2023,489174.0
VNM,THA,2024,418054.0
VNM,THA,2025,457775.0
